2025-12-01_16-48-58,100,draft.py:2025-12-01_16-48-58
2025-12-01_16-57-50,0,draft.py:2025-12-01_16-57-50
2025-12-01_16-58-44,0,draft.py:2025-12-01_16-58-44
2025-12-01_16-58-46,---,draft.py:2025-12-01_16-58-44
2025-12-01_17-00-49,100,draft.py:2025-12-01_17-00-49
2025-12-01_17-00-51,100,draft.py:2025-12-01_17-00-49
2025-12-01_17-00-56,---,draft.py:2025-12-01_17-00-49
2025-12-01_17-01-25,100,draft.py:2025-12-01_17-01-25
2025-12-01_17-01-42,100,draft.py:2025-12-01_17-01-42
2025-12-01_17-01-43,100,draft.py:2025-12-01_17-01-42
2025-12-01_17-01-44,---,draft.py:2025-12-01_17-01-42
2025-12-09_17-06-43,100,draft.py:2025-12-01_17-01-42
2025-12-09_17-06-45,---,draft.py:2025-12-01_17-01-42
