2025-12-14_14-45-40,0,draft.py:2025-12-14_14-45-40
2025-12-14_14-52-47,0,draft.py:2025-12-14_14-45-40
2025-12-14_15-36-12,---,draft.py:2025-12-14_15-36-12
2025-12-14_15-47-17,---,draft.py:2025-12-14_15-47-17
2025-12-14_15-55-58,0,draft.py:2025-12-14_15-55-58
2025-12-14_16-38-38,0,draft.py:2025-12-14_16-38-38
2025-12-14_16-38-39,---,draft.py:2025-12-14_16-38-38
2025-12-14_16-48-13,0,draft.py:2025-12-14_16-48-13
2025-12-14_16-48-14,---,draft.py:2025-12-14_16-48-13
2025-12-14_16-48-44,0,draft.py:2025-12-14_16-48-44
2025-12-14_16-48-52,0,draft.py:2025-12-14_16-48-52
2025-12-14_16-51-15,0,draft.py:2025-12-14_16-51-15
2025-12-14_16-59-44,0,draft.py:2025-12-14_16-59-44
2025-12-14_16-59-52,---,draft.py:2025-12-14_16-59-44
2025-12-14_17-04-05,0,draft.py:2025-12-14_16-59-44
2025-12-14_17-11-50,0,draft.py:2025-12-14_17-11-50
2025-12-14_17-14-30,0,draft.py:2025-12-14_17-14-30
2025-12-14_17-15-57,0,draft.py:2025-12-14_17-15-57
2025-12-14_17-17-01,0,draft.py:2025-12-14_17-17-01
2025-12-14_17-17-11,0,draft.py:2025-12-14_17-17-01
2025-12-14_17-31-12,0,draft.py:2025-12-14_17-31-12
2025-12-14_17-39-04,0,draft.py:2025-12-14_17-39-04
2025-12-14_17-39-08,---,draft.py:2025-12-14_17-39-04
2025-12-14_17-49-35,0,draft.py:2025-12-14_17-49-35
2025-12-14_17-53-06,0,draft.py:2025-12-14_17-53-06
2025-12-14_17-53-33,0,draft.py:2025-12-14_17-53-33
2025-12-14_17-56-15,0,draft.py:2025-12-14_17-56-15
2025-12-14_18-01-37,0,draft.py:2025-12-14_18-01-37
2025-12-14_18-02-08,0,draft.py:2025-12-14_18-02-08
2025-12-14_18-04-07,0,draft.py:2025-12-14_18-04-07
2025-12-14_18-04-12,0,draft.py:2025-12-14_18-04-07
2025-12-14_18-04-40,0,draft.py:2025-12-14_18-04-40
2025-12-14_18-04-46,0,draft.py:2025-12-14_18-04-46
2025-12-14_18-04-51,0,draft.py:2025-12-14_18-04-51
2025-12-14_18-04-57,0,draft.py:2025-12-14_18-04-57
2025-12-14_18-05-01,0,draft.py:2025-12-14_18-05-01
2025-12-14_18-05-34,0,draft.py:2025-12-14_18-05-34
2025-12-14_18-06-11,0,draft.py:2025-12-14_18-06-11
2025-12-14_18-07-11,0,draft.py:2025-12-14_18-07-11
2025-12-14_18-12-57,0,draft.py:2025-12-14_18-12-57
2025-12-14_18-18-25,0,draft.py:2025-12-14_18-12-57
2025-12-14_18-18-42,0,draft.py:2025-12-14_18-12-57
2025-12-14_18-25-42,0,draft.py:2025-12-14_18-25-42
2025-12-14_18-28-31,0,draft.py:2025-12-14_18-28-31
2025-12-14_18-29-04,0,draft.py:2025-12-14_18-29-04
2025-12-14_18-29-53,0,draft.py:2025-12-14_18-29-53
2025-12-14_18-29-53,0,draft.py:2025-12-14_18-29-53
2025-12-14_18-30-01,0,draft.py:2025-12-14_18-30-01
2025-12-14_18-31-29,0,draft.py:2025-12-14_18-31-29
2025-12-14_18-31-51,0,draft.py:2025-12-14_18-31-51
2025-12-14_18-32-20,0,draft.py:2025-12-14_18-32-20
2025-12-14_18-32-36,0,draft.py:2025-12-14_18-32-36
2025-12-14_18-33-03,0,draft.py:2025-12-14_18-33-03
2025-12-14_18-35-07,0,draft.py:2025-12-14_18-35-07
2025-12-14_18-35-42,0,draft.py:2025-12-14_18-35-42
2025-12-14_18-36-34,0,draft.py:2025-12-14_18-36-34
2025-12-14_18-38-31,0,draft.py:2025-12-14_18-38-31
2025-12-14_18-39-08,0,draft.py:2025-12-14_18-39-08
2025-12-14_18-40-15,0,draft.py:2025-12-14_18-40-15
2025-12-14_18-41-19,0,draft.py:2025-12-14_18-41-19
2025-12-14_18-42-19,0,draft.py:2025-12-14_18-42-19
2025-12-14_18-43-55,25,draft.py:2025-12-14_18-43-55
2025-12-14_18-44-24,25,draft.py:2025-12-14_18-43-55
2025-12-14_18-46-29,75,draft.py:2025-12-14_18-46-29
2025-12-14_18-47-00,75,draft.py:2025-12-14_18-46-29
2025-12-14_18-53-00,75,draft.py:2025-12-14_18-53-00
2025-12-14_18-57-33,75,draft.py:2025-12-14_18-57-33
2025-12-14_19-02-49,75,draft.py:2025-12-14_19-02-49
2025-12-14_19-04-23,75,draft.py:2025-12-14_19-04-23
2025-12-14_19-05-52,75,draft.py:2025-12-14_19-05-52
2025-12-14_19-06-23,75,draft.py:2025-12-14_19-06-23
2025-12-14_19-06-41,100,draft.py:2025-12-14_19-06-41
2025-12-14_19-07-04,100,draft.py:2025-12-14_19-06-41
2025-12-14_19-08-27,100,draft.py:2025-12-14_19-06-41
2025-12-14_19-09-31,100,draft.py:2025-12-14_19-06-41
